"","Depth","IndexLoss"
"1",6,100
"2",20,52.1731003202798
"3",40,23.9701828750539
"4",60,11.803795404123
"5",90,4.0898121591231
"6",120,1.39901001813016
