"","Depth","IndexLoss"
"1",6,100
"2",20,58.0332194781337
"3",40,22.646012618777
"4",60,11.7754365929922
"5",90,3.38025998156964
"6",120,1.20971166927093
