"","Depth","IndexLoss"
"1",6,100
"2",20,55.5655039501645
"3",40,23.5045034478894
"4",60,10.2257986409944
"5",90,2.90674498402584
"6",120,1.07943939008376
