"","Depth","IndexLoss"
"1",6,100
"2",20,49.5869513999609
"3",40,23.9135106993185
"4",60,12.2173416036179
"5",90,3.6150205493483
"6",120,1.1776252949155
